<pagescount>
	<total_html_pages>11</total_html_pages>
	<html>2</html>
	<img>259</img>
	<js>20</js>
	<css>39</css>
	<pdf>0</pdf>
	<xml>0</xml>
	<txt>0</txt>
	<fonts>29</fonts>
	<is_pretty_url>false</is_pretty_url>
	<is_ebn>false</is_ebn>
	<theme_name>WDO_theme</theme_name>
	<server_url_front_page>https://www.waybackmachinedownloader.com/website-downloader-online/scraping/files/live/freebtcwin.com_rotsenmondoy_yahoo.com_4pjwedbhrfx</server_url_front_page>
	<hosted_domain>hosted_domain</hosted_domain>
</pagescount>